email,password
vimm0@time.com,xF5\C/&fCf
bdioniso1@gmpg.org,pV7`Ny+DFN
tboulger2@paginegialle.it,vY1&hrq$XOu74B{K09
dmacellen3@freewebs.com,yP1'pWdR*`
pwindaybank4@ihg.com,wG9*A|$x#dpmr
cstillgoe5@freewebs.com,xA1{BS0uO/Ui/k
bcolliver6@cnbc.com,yO9{Q/J)lI
apitford7@intel.com,yV9%QI4By?e7kL(e>F$'
uwagner8@hp.com,bA9(|dA(L&/fJe~B
mhuton9@examiner.com,pQ4`>7irvcH*X
hstanggjertsena@t-online.de,nQ4_%2|Mylb
kgrishanovb@cnn.com,bS1&I>8E1ay<?=OypA
ctroyc@globo.com,tE1?aHoy$WAb
pscotchmord@com.com,"tQ4/,uw*f|asS"
porrocke@usgs.gov,"vI9,I5|Tf7nv>+,Q"
lghidottif@time.com,uA9|~p*PNFO
cbumphriesg@twitpic.com,lW7*.~b(9_k>d
istlouish@newyorker.com,bN3~{(>Y1sHH
htullisi@ted.com,mT4#(6q/{f>nyJQ9C
pmiddlewickj@usa.gov,tD2)fL#Y1/
emateikok@cloudflare.com,"lQ7>~zhFurT,jONA+@D"
dwindrassl@thetimes.co.uk,iE0`~WHPm?z<)w1s$(y
eciscom@patch.com,tN9'g!d8\K2Rdpw9|RCk
hminchelln@geocities.jp,xK2%wN6HWHNEo_Fx
eelsomo@wp.com,gF4>Da\?{3|`*4l
tbromontp@wisc.edu,nQ2&B'5Rg&b.EaU
gseadonq@wikipedia.org,"pE2""vsNx?xr2SueBJ5"
ajenkersonr@domainmarket.com,iI5\tjV_A8
ebugbys@tinyurl.com,fJ9+9>{{JJW5ht
afaynet@over-blog.com,"gS3|,4miLi?<ztyM"
lsumneru@whitehouse.gov,"vF6+>HiJbT,_fCy."
fmeelandv@scribd.com,"kR6""_p'2vvUSIeVOtP"
aglentzw@state.tx.us,bF2<P6mWy.@~0e
mhowellx@reverbnation.com,cE0%<0b&6v\b~&OT
minstony@ftc.gov,"jT1""<D!2aN?tbKx8|"
rdandoz@simplemachines.org,kN7?E#$%waGF?ry++
peyeington10@chicagotribune.com,uX4+Vep/Q.&K
pcollip11@wiley.com,tF7~PsWe5l5h=!Y
hranner12@deviantart.com,lC4</<||a@2y$l()?R{
schittem13@freewebs.com,oA2.joDBbfy2{@FTsUa
tsander14@studiopress.com,bC5}uUZvT9gEOYa
ftrodd15@rambler.ru,wN6*h$Nk9$8
ddougherty16@ted.com,cW9(zyTLje
jsparshatt17@ehow.com,"hM4""pX4QXexx\ge!KLRz"
opagitt18@icio.us,"mJ1=idHn!,"
wmcconway19@tmall.com,fU3|(ZA}lNNCIxnZYF
alittlewood1a@liveinternet.ru,nL4~/$p0zqGCb_
lgosforth1b@github.io,zL0}$2WC4\}l
cbeller1c@zimbio.com,bD6#7Ct+wY\ug\U
ndsouza1d@tripadvisor.com,sV3_uwg~3wmkEKPXNm.
thuccaby1e@abc.net.au,"xT7<86PVIQ?ht<A""bkT"
lkaaskooper1f@nytimes.com,"mA3<b~pMeuz1,8n6L"
pbaine1g@php.net,"lH8&Q{0L,pb}nvF3K7t{"
tsommerville1h@flavors.me,yO9~nyN10}H`h|_J
iduchatel1i@eventbrite.com,"pW0.I_g/n,"
rbourcq1j@sourceforge.net,yJ0%?o{R&ycRH8
feddisford1k@mail.ru,zJ9~lrUSi|@AR
kasher1l@java.com,jL9%OFo8I'\SsTOlGga
eivasyushkin1m@behance.net,wK1}5Q3oUjCsFI0
uwakeman1n@creativecommons.org,lV5>+V|=D<J?$6WZQ
fsharrock1o@aol.com,iK4(+&rr\K*_|U
jholttom1p@technorati.com,"xK3""#5FqOj"
cbarrett1q@ocn.ne.jp,cI5@VdE46i@!
kbroom1r@godaddy.com,xE2*fg#78lE5H
rsangar1s@bing.com,nD7$rK.L6jz1
kgrigolashvill1t@examiner.com,zV0|kw`nt0(}X8I2RF
agreschke1u@wikipedia.org,zF2)'hP/uvs'fAs1b&
aheiner1v@tuttocitta.it,jK2/bv#%N9qr_h~IA9
bditts1w@constantcontact.com,"qD3""Qc}U?daa`%0c|R,"
lcoxwell1x@csmonitor.com,rZ7{<lJlJz(&v<ty_ZUY
aholttom1y@guardian.co.uk,hF0}Aqzmp@V%
gmaudlin1z@geocities.com,"zF6_c@pea"">Tw*8i"
rdatte20@princeton.edu,oT4@LA}N#ON4pQ1GjI9g
amcgarvie21@miitbeian.gov.cn,"xZ8""33zjx3DkZKVLun"
emcniff22@mozilla.org,uX2`.I'KIa=i
lguerra23@xing.com,"iD4""F`Qaf'eeh>@6s"
greichartz24@ebay.co.uk,lZ1?5%Cs5h13ynKXXO
obartle25@mashable.com,wX2\R'EqTTK'_
cboake26@columbia.edu,rH0\f~+i%23rOn91
kiron27@163.com,kY3)S$>P=djj}I+3
cjanicek28@webnode.com,yV0|4X<vL3$!.gVUUZj
nrydings29@google.fr,"uF2)eU53,ul""{`l*"
rjonk2a@elegantthemes.com,xQ5{6zE(R#o!Y?mg(Pr
smurfett2b@amazon.co.uk,bM0|9$ti!SRcu
clampe2c@sfgate.com,fL6~}@M(VQte
mkolakowski2d@diigo.com,mS0<Zad2EGo6
ksandilands2e@unicef.org,kT4+'/PZ#K`nz.*WIT
mbench2f@dedecms.com,"rF9,6{~B""z|O@zn)"
ldowne2g@ebay.com,"eO6,_0MCws+~"
dwellings2h@phoca.cz,gW1)~Z_'D\Q|tPqu
jcaris2i@histats.com,zP4)7G50u>S1
aboys2j@people.com.cn,sS6?TPF}9@X
rtague2k@storify.com,wH2&P+vZ#TPi4L3$\o
ajeskin2l@aol.com,xB3=3_!C!i&3wg%Dr8!$
sgoss2m@friendfeed.com,bZ3|W>=H*(cHgD
iwitherbed2n@springer.com,wJ6)n<f'AGz\!~g+ApNu
hpedron2o@hud.gov,nL9@++v=E8B
pelderbrant2p@xing.com,"iH1,UMPzypPn"
dlawton2q@privacy.gov.au,fU1$I%Q$o1t&4
lpacey2r@disqus.com,zK1/BH6*4B.DX
